Wavelength [nm]	Absorption Coef. [cm-1]
296.58726755567506	10.800488266074304
296.29322086929875	10.755044024386708
296.28586121022505	10.709605489265531
295.9190105117809	10.657169277071535
298.0643511317716	10.627502264894304
300.60164077473996	10.805228520580718
300.5948472432873	10.76328525739194
300.5880537118346	10.721341994203161
300.58126018038195	10.679398731014384
302.0079017854424	10.637484000657707
302.0014856724038	10.597870918757195
304.88684944771785	10.712106867546405
304.8800559162652	10.670163604357626
305.14870234337684	10.55878664534496
306.66411275941886	10.622430553988313
308.005835221321	10.498725033771915
309.4496871060615	10.56306657016014
310.606248094037	10.623674109920723
312.3763404558713	10.489724351885588
313.46443774354043	10.57013700595482
313.45764421208776	10.528193742766042
313.8032651247423	10.44955725749511
316.6641910577475	10.412913967869132
316.32564674035615	10.535241352295042
317.7500238349324	10.479345534208772
317.7432303034797	10.437402271019995
318.0891342799448	10.360513421715261
320.8755012052569	10.306042818592449
320.6123650869902	10.45144042441379
320.60557155553755	10.409497161225012
321.31549559234145	10.367568164452285
322.37104054179986	10.247002682408624
323.43771933447243	10.195177548368795
323.4599870209006	10.332658244376455
325.14863248898564	10.138355364333641
323.423754853153	10.108960840702974
324.8515287134556	10.074036654211094
324.8436029267608	10.02510284715752
324.8787028392663	10.241809706966205
326.3053444443268	10.199894976609528
327.7033022499204	9.980886468344679
327.6965087184678	9.938943205155901
327.3306015660587	9.892332446182568
327.71160545502926	10.03215045668652
329.1148471184194	9.845764486457385
328.7493173844244	9.801483908772317
330.53318551837106	9.75258576775887
330.5267694053324	9.712972685858357
331.9534110103929	9.67105795550168
331.97341418633687	9.794557563779748
333.37967519703926	9.626813043856739
334.10884757295906	9.703723292785549
334.08959923384316	9.584884047084012
334.7980135969909	9.533634325158221
334.79122006553825	9.491691061969444
336.57603174552	9.448618374176661
336.2095584654899	9.39851234327093
337.9941814362647	9.354274564834013
339.41969078608304	9.30536929061254
340.8435017530382	9.245978200593871
342.26901110285655	9.1970729263724
341.928202274981	9.305419223068718
343.33370844885536	9.133014340569176
343.3269149174027	9.091071077380398
343.3204988043641	9.051457995479886
345.10615967577735	9.0136282155857
347.6064623141701	8.962996705022103
348.3299734138793	9.004954234626933
348.6730467522391	8.910589025660208
350.45680166066154	8.86099183026028
352.24163221156397	8.81803565153191
355.027942524114	8.763215521215855
354.7498606366514	8.816337948021888
357.8848489510097	8.70175580086985
359.03657898328544	8.732537020140636
360.4575593121354	8.655669570459978
363.327826350888	8.67669826771857
363.60387017891475	8.610992861955904
366.90122389499186	8.613854705015655
367.6115253502098	8.574255889531194
367.6054866555852	8.536972988918947
370.4664125885904	8.500329699292969
371.19133900735227	8.551025408728792
373.3267723939745	8.460191137734594
373.3324336701851	8.495143857058574
375.1134711660264	8.428769356383135
378.33586958507567	8.411357195593373
379.04579362187957	8.369428198820646
380.18212498286266	8.305138021530201
382.180329034141	8.25204983412269
384.7496426295404	8.184991972118429
384.7568890630899	8.229731452853125
386.17635971828366	8.143543278019404
387.60224648651604	8.096968185086197
387.6169658046635	8.187845255328549
389.3872468757048	8.055060587937547
389.0209623048817	8.006119647675947
389.7574943398753	8.128468431725931
390.806245757881	7.965959686493495
391.8719810045185	7.908309099233001
391.86556489147983	7.868696017332488
393.6510370536861	7.82970114679417
395.07739559493604	7.786038780471294
397.5921344876657	7.824536704183851
398.3009262692275	7.775617163546327
398.2941327377748	7.733673900357549
399.0029245193366	7.684754359720026
398.2811118024905	7.653282645912392
399.3485454319911	7.606117874449093
398.97943022306276	7.5397005745255035
402.1270431833706	7.503062991465945
401.47237320238173	7.443630528840731
401.86300126091015	7.642868162195451
403.2873783554864	7.586972344109181
403.28171707927584	7.5520196247852
405.05114895888556	7.4139920494956
406.14066156560733	7.503142883395828
406.13386803415466	7.461199620207051
406.87096619676925	7.587043676189435
407.579380559917	7.535793954263647
408.5153782267292	7.4146435491619105
408.2681691655348	7.363374805348054
408.2613756340821	7.321431542159276
408.25458210262946	7.279488278970499
408.2477885711768	7.237545015781721
408.9584674448088	7.2002763815855255
408.9501642397	7.1490123932436855
409.00300281766516	7.475237773600846
409.65857860284774	7.097762671317897
410.36774780282354	7.051173311968638
410.3609542713709	7.009230048779861
411.78759587643134	6.967315318423186
413.2132939354567	6.919575134845845
415.01980717424556	7.010487871128323
416.446448779306	6.968573140771646
416.362208989293	6.890976677230803
417.9786165729313	8.020677098613984
417.6828715036918	7.964747041129193
417.67607797223917	7.922803777940415
417.6692844407865	7.880860514751638
417.6624909093338	7.83891725156286
417.65569737788115	7.7969739883740825
417.6489038464285	7.755030725185304
417.6421103149758	7.713087461996527
417.63531678352314	7.671144198807749
417.62852325207047	7.629200935618972
417.6217297206178	7.5872576724301934
417.6149361891651	7.545314409241416
417.60814265771245	7.503371146052638
417.6013491262598	7.461427882863861
417.23563068305776	7.41598221453466
417.8699200696886	7.34958488759354
417.5577572994385	7.192291944069203
417.5500202219507	7.1445232276597626
417.54322669049805	7.102579964470985
417.5364331590454	7.060636701282208
419.0068553001342	7.2890230003643195
419.0000617686815	7.247079737175542
418.933447418604	6.8358027397966925
418.9253329227021	6.785703842098986
418.91853939124945	6.743760578910209
418.91174585979684	6.701817315721431
418.54564999818075	6.6540414661039655
419.91945302527597	7.023401355390128
419.6722439640817	6.9721326115762725
419.66545043262903	6.930189348387495
419.65865690117636	6.888246085198718
420.61541258076056	6.6002556509515795
419.604308649555	6.552699979688496
420.3142326863589	6.510770982915767
420.4274582105701	7.209825369395396
420.4206646791174	7.167882106206618
420.41387114766474	7.125938843017841
420.40707761621206	7.083995579829063
422.0252968082378	6.45488087139592
423.5207795320186	6.395491208018857
424.9485533923212	6.360567021526975
428.8906887269393	6.361810577459389
428.16925342850726	6.332669044940019
430.3114803465822	6.283778037134596
432.02220479188844	6.2257907624553095
431.7522751421691	6.329245105087875
434.60706802594615	6.254736369527581
436.3184340825562	6.200710403038345
439.178057922033	6.156027987967853
440.333260203718	6.20824687509068
443.1925821084635	6.161700314989572
443.18616599542486	6.12208723308906
443.91609320817275	6.203657844594401
446.40705474081796	6.095354347146236
447.4860939865502	6.119842650297098
450.34334009001856	6.060480093110533
453.4906699865158	6.022094874084775
456.7853062900118	6.0081794118690155
457.4959851636438	5.97091077767282
460.64425860617615	5.938351011867725
461.784213183934	5.896430574944629
464.65561247792874	5.924449816068018
465.72219691599776	5.872042136706121
467.8666883445569	5.837132216630291
469.29417914104897	5.800460394172211
472.080489453599	5.74564026385616
473.2335781921653	5.784810135764699
476.37966260789625	5.738735318487667
476.826224075385	5.840805818763322
477.5353932753609	5.794216459414063
480.1059146096852	5.73461517753225
481.8177713102335	5.683618446717759
483.52962801078183	5.632621715903269
486.46199924956426	5.594581744145936
487.54075543148605	5.6173224113305995
490.68480178778117	5.558664615096932
494.6973633984586	5.552219999419673
494.6920795406621	5.519597461383958
498.99464946068576	5.533664147609853
498.9878559292331	5.491720884421076
503.2866516651163	5.482485757764318
503.2809903889058	5.447533038440337
507.58242805368735	5.454609180801436
507.5775216143048	5.424316824053985
511.8812237895706	5.445374054144677
511.8759399317741	5.412751516108962
516.1785098517977	5.426818202334859
516.1732259940011	5.394195664299142
520.478060424509	5.422243438254631
520.4723991482985	5.3872907189306485
524.7738368130799	5.394366861291749
528.7163495661121	5.397940598512426
530.8625393775344	5.37351649423379
534.4455610911962	5.370092554381646
536.5917509026185	5.345668450103011
540.5325652727876	5.338756371526491
545.193210913129	5.351082554994216
549.1324212550383	5.334267205942568
553.4319718277496	5.329692441862344
553.4266879699532	5.2970699038266265
557.0114080664781	5.304131779771675
557.721709521696	5.2645329642872145
559.5088800667654	5.236023909546089
563.4524307204363	5.246005645309495
566.6709606007416	5.204709126315011
567.7497167826633	5.227449793499675
570.8948953942006	5.175782541130804
574.9055699128079	5.157687019012219
574.9002860550114	5.125064480976501
579.202855975035	5.1391311672023985
579.1968172804104	5.101848266590151
583.1393300334427	5.105422003810828
585.2843875896228	5.074007355667396
589.2270890518621	5.078746183532205
589.2218051940655	5.04612364549649
593.1643179470976	5.0496973827171665
595.3107908223305	5.02702091440473
598.895793982666	5.035830426315979
601.0422668578989	5.013153958003542
605.3434214588699	5.018482464398444
609.285368084281	5.018560929686721
613.5871831674766	5.027967253336085
613.5818993096801	4.995344715300371
617.8842805204966	5.008246310882134
622.1862843128991	5.018817725175632
621.4656038512952	4.994336555232794
626.8426839960827	5.004929369150368
630.7853854583219	5.009668197015179
635.0887102151736	5.028395245817604
635.0834263573771	4.9957727077818905
639.6741929783594	5.019165825727267
644.049566910451	5.040224482459564
642.9699615370976	5.012240907376304
647.7041471554141	5.0361029148625445
652.2943099069341	5.055767742746699
656.8856049136962	5.082423114495647
655.160953728912	5.054426699637942
660.6141214259693	5.092284061269828
665.2051899816828	5.117541324245817
665.1995287054723	5.082588604921835
669.7903708101375	5.106447759124867
668.0663989784986	5.082645670586038
673.5195666755559	5.120503032217924
678.1089368484063	5.135274479396717
682.4122616052581	5.154001528199146
686.7140766884536	5.163407851848509
691.0190998281685	5.192620716448133
690.2976645297364	5.163479183928763
695.3186504008798	5.188045952367904
699.6189558104193	5.18813155086421
704.2059482472613	5.1882228559269326
708.2223972676034	5.205779107518808
706.7849992377429	5.1812836711599175
712.5221365495216	5.202369434082712
716.8235742143032	5.209445576443812
721.1250118790847	5.216521718804913
725.4264495438663	5.223597861166011
729.729396882304	5.239994728680173
729.7241130245073	5.207372190644458
733.7396939824972	5.219569025273323
738.3277431908986	5.226184837943187
741.5463674258075	5.185470864270769
742.6254066715397	5.2099591674216335
745.844125261052	5.169827739071282
746.9234475705949	5.196063678188343
750.0708906926163	5.158377513549066
754.08496197695	5.161253623024869
754.0793007007395	5.126300903700887
758.3807383655209	5.133377046061987
758.3758319261384	5.103084689314537
762.678024427748	5.114821194252167
762.6727405699515	5.082198656216452
766.9753104899752	5.096265342442349
766.9696492137646	5.061312623118367
771.2710868785462	5.068388765479467
771.2658030207496	5.03576622744375
775.5706374512574	5.063814001399239
775.5649761750469	5.0288612820752565
779.5086211833211	5.039425563160732
781.653395675691	5.006263279051099
785.5963802017407	5.012749742882109
785.59071892553	4.977797023558129
789.8936662639677	4.994193891072289
789.8880049877572	4.959241171748307
794.1939716735071	4.9942794895685925
794.1879329788826	4.956996588956345
798.4905028989062	4.971063275182242
798.4855964595237	4.94077091843479
802.4999696785885	4.945511172941204
806.0079228696983	4.921114174853065
807.0869621154305	4.945602478003929
810.2353110416458	4.913508748456488
814.2462120113014	4.896811335110861
818.547083548462	4.900392205539562
822.8533332980224	4.937178159326047
821.4145199491093	4.903944543136165
825.7272801663119	4.980926124145228
827.1550540266145	4.946001937653346
830.314272603154	4.9810174292079505
834.3294006590469	4.990418046290895
838.2681392279387	4.970689970628916
840.4131967841188	4.939275322485486
844.3566530831862	4.948674512926825
844.3502369701475	4.909061431026313
847.9342022298443	4.911462944394831
848.28576748252	4.86952681441408
851.2184217851129	4.833234478622947
857.2288855123375	4.771837530507563
857.2224693992989	4.732224448607051
861.2361632652184	4.732770376794589
864.3858708977242	4.709065299884903
865.8242124736198	4.739386189464456
868.6867424348846	4.712646170313604
872.9898784825293	4.730208128471899
872.9838397879048	4.692925227859654
877.2901838920687	4.730293726968203
877.2833903606161	4.688350463779425
881.5897344647801	4.725718962887974
881.5833183517415	4.686105880987464
886.2434922190653	4.695519337844853
890.1865710997185	4.7025883469979295
890.180909823508	4.667635627673949
894.4861216724298	4.698013582917701
894.4800829778052	4.660730682305456
898.7803883873446	4.660816280801759
903.0812599245052	4.66439715123046
907.3840185537358	4.67962892810049
907.3791121143533	4.649336571353038
911.9679916432656	4.661078782857089
915.9827422807444	4.66814921865177
920.2819154350417	4.661244273283277
924.224994315695	4.668313282436351
926.012259215368	4.640386773017292
929.2420172934909	4.668413147348707
930.3131307525284	4.643967643445993
933.47133029935	4.672691645522281
937.4876660941678	4.689548842727676
937.4820048179573	4.654596123403694
941.7902360141914	4.703615528953572
941.7834424827387	4.661672265764794
946.0890317500747	4.694380402296815
946.082615637036	4.654767320396301
950.3863178123017	4.675824550486993
950.3799016992632	4.636211468586481
953.9665088878584	4.654924250972858
954.6768103430762	4.615325435488396
956.1045842033789	4.580401248996516
958.9756060789595	4.606090308831638
960.4013418798263	4.558583143383126
965.0651578348456	4.590482849672277
963.9841371424396	4.553761094758022
966.440791341249	4.676144118206528
966.1461785272515	4.627204604586533
969.0055004319971	4.580658044485427
970.8167314009614	4.700698046871224
970.4506355393454	4.652922197253757
970.4438420078927	4.610978934064979
971.869351357711	4.562073659843508
975.0504602022647	4.732239666117506
974.7547151330251	4.676309608632714
974.7479216015724	4.6343663454439366
974.7422603253619	4.599413626119956
977.9413342864237	4.88049626171539
977.6457401845498	4.825498276745904
977.6389466530972	4.783555013557127
978.3473610162448	4.732305291631338
979.0557753793927	4.681055569705549
979.04898184794	4.639112306516772
979.0414334796593	4.592508680751463
980.5088362734357	4.802253529527453
981.8998118383697	4.540136667429692
983.7063250771585	4.631049403712172
983.3406066339566	4.5856037353829695
987.942318388946	4.676572110688046
987.6469507381205	4.622972234491522
986.209741417467	4.599641888776766
989.1111454753776	4.812910542317255
989.1034083978899	4.765141825907815
989.0981245400933	4.732519287872098
992.243982504776	4.685046361822106
991.5896522003598	4.62771106235633
991.9740528550565	4.7885007044546715
993.3999396232889	4.741925611521463
993.7327283098662	4.584062962449506
996.6162993477136	4.687230550119452
996.2502034860976	4.639454700501988
997.6994901960003	4.7373508474412365
997.676845091158	4.597539970145311
997.6721273609826	4.568412704041991
998.7404101819147	4.52649084047729
999.1253769642326	4.690775754508028
999.1185834327799	4.648832491319249
1000.8106256665915	4.475501242870823
1000.5406960168721	4.5789555855033885
1003.7381848205948	4.407751459688107
1003.3871856955403	4.453182861601258
1004.806656350734	4.366994686767539
1007.6791878999709	4.402004471755722
1009.4651318351947	4.365922327827734
1013.7679848190289	4.381736650019828
1012.6875302542439	4.348510167037972
1017.4235274809479	4.383557044707887
1020.8599221407563	4.359857674364621
1024.8728611698477	4.355743239975629
1029.1754310898714	4.369809926201524
1033.4768687546527	4.376886068562625
1037.7783064194343	4.383962210923725
1037.7730225616378	4.351339672888008
1041.7873957807026	4.356079927394422
1046.0137649229323	4.342183011519527
1048.1588224791124	4.310768363376097
1052.1005803953165	4.309681738020242
1052.09529653752	4.277059199984526
1056.3971116207156	4.2864655236338916
1060.3390582461268	4.286543988922171
1063.8480304669545	4.26843848031235
1067.8645927128207	4.2866937862907015
1067.8589314366102	4.251741066966719
1072.1648981223602	4.286779384787005
1071.443085405514	4.25530767097937
1076.8201655503015	4.265900484896944
1080.4037533915844	4.265971816977197
1082.1913957096713	4.240375488846405
1085.062417585252	4.266064548681527
1089.003798083042	4.262647742037407
1091.1485725754117	4.229485457927778
1095.0892925909773	4.221990834029192
1095.0843861515948	4.191698477281742
1099.38431414272	4.18945389448978
1103.6861292259155	4.198860218139144
1103.680845368119	4.16623768010343
1107.9832265789357	4.179139275685193
1112.586863167837	4.281991575560422
1112.2912690659628	4.226993590590936
1112.2852303713382	4.189710689978691
1110.8483984690988	4.168710525552202
1116.5878002913619	4.203777376204586
1116.5821390151514	4.168824656880606
1120.5252178958044	4.17589366603368
1125.1838820894723	4.175986397738008
1129.4841874990116	4.176071996234311
1133.4261341244228	4.176150461522591
1138.0855531549187	4.180903555803452
1138.080646715536	4.150611199056
1142.3828392171458	4.162347703993632
1146.6831446266851	4.162433302489935
1151.3418088203528	4.162526034194263
1155.28526511942	4.171925224635604
1159.3000912405817	4.179461696687936
1162.4503650007084	4.159251891710651
1167.0361119567842	4.151653598522097
1171.0500322737523	4.153597635482594
1171.0451258343696	4.123305278735144
1175.3473183359795	4.135041783672774
1179.361389620313	4.137917893148575
1182.798690084315	4.119810957897148
1186.8136671728425	4.128279502464787
1191.115104837624	4.1353556448258875
1195.4154102471632	4.135441243322191
1199.7194898408432	4.158828654701148
1199.7142059830467	4.126206116665433
1204.0165871938632	4.1391077122471955
1208.321987751992	4.170650758135084
1206.8828913392683	4.135669505979001
1212.6249350904297	4.187047625649244
1212.618518977391	4.147434543748734
1216.9199566421728	4.154510686109832
1216.914672784376	4.121888148074117
1220.9282911666128	4.121968040004001
1224.3658180816635	4.10525921352553
1228.379889365997	4.108135323001333
1232.9650701944515	4.097041757880383
1236.9759711641075	4.080344344534755
1241.2762765736468	4.080429943031058
1245.576581983186	4.080515541527362
1249.8783970663817	4.089921865176727
1254.1836089153035	4.120299820420483
1258.4884433458114	4.148347594375972
1263.0830596346173	4.195508561461658
1261.356823292494	4.157725385193235
1266.8136142063258	4.217952487192466
1271.7605505846352	4.227837686873931
1275.7013649548044	4.220925608297414
1275.6957036785939	4.185972888973431
1279.2792915198766	4.186044221053685
1279.9895929750944	4.146445405569224
1282.8521229363594	4.119705386418373
1285.9994528328566	4.081320167392615
1290.010051867781	4.062758609016376
1289.288427860142	4.032451985852875
1293.1553059630012	4.011557392905159
1297.1666598347538	3.997656197105451
1297.1613759769573	3.965033659069734
1301.4631910601527	3.974439982719101
1301.4582846207702	3.944147625971649
1305.7604771223798	3.955884130909281
1310.0607825319191	3.9559697294055844
1314.3610879414587	3.956055327901888
1318.6634691522752	3.968956923483651
1323.3291155866025	4.01215800902089
1322.2483779580073	3.9771838900728333
1324.4117403072682	4.0587830344102755
1325.8540447765115	4.1135708275166145
1327.3180508045614	4.302344044698215
1327.667917674374	4.249922098920267
1326.5860477905362	4.207957436107414
1326.5792542590837	4.166014172918636
1325.838759330743	4.019198485341864
1328.7820568326117	4.4911172618798165
1328.77394233671	4.441018364182108
1328.7671488052572	4.399075100993331
1328.7603552738046	4.357131837804554
1327.2812525091929	4.075151369092335
1331.6543996726414	4.524961956223866
1332.0997534012054	4.324575876377073
1333.0802864408738	4.478386863290661
1333.073492909421	4.436443600101883
1333.0666993779685	4.394500336913104
1333.0608493925508	4.35838252694499
1334.4782442464673	4.2593783550258095
1334.485792614748	4.305981980791119
1335.904885851528	4.217463624669133
1335.8984697384892	4.177850542768621
1338.7623206642033	4.1592661581267
1340.4917273210044	4.216622857216551
1342.5844369431577	4.157012064390704
1343.0539454502198	4.1057575869928975
1343.047151918767	4.06381432380412
1344.4741709422417	4.02422977473571
1345.900057710474	3.9776546818025036
1349.0481801856408	3.944162843482104
1353.0600624431731	3.9335239014859678
1353.0547785853764	3.9009013634502505
1357.3596130158842	3.9289491374057395
1357.3539517396737	3.8939964180817572
1361.3691552792493	3.9038630714223554
1364.5188629117554	3.88015799451267
1365.957959324479	3.915139246668753
1368.8191683212947	3.8802435930089736
1370.2575098971904	3.9105644825885264
1373.1198511492482	3.882659372793544
1374.915796672444	3.908327033004589
1378.858309425476	3.911900770225266
1378.8526481492654	3.8769480509012837
1383.1576712889805	3.906160915500907
1383.1516325943558	3.868878014888658
1387.4579766985198	3.9062465139972105
1387.4530702591373	3.8759541572497582
1391.754130505505	3.8807001183225935
1394.975396669312	3.856297413668033
1396.0544359150442	3.880785716818897
1399.2039170965018	3.855682531136253
1403.2204793423678	3.8739378371146067
1403.2148180661572	3.8389851177906262
1407.519275078251	3.8647027104578484
1407.5139912204545	3.832080172422133
1411.5298741131755	3.846141152081609
1416.1191310605018	3.8602135448739254
1416.1134697842913	3.825260825549943
1420.4149074490729	3.8323369679110435
1424.7152128586122	3.832422566407347
1429.0155182681515	3.8325081649036505
1433.315823677691	3.832593763399954
1437.6161290872303	3.8326793618962576
1441.9164344967699	3.832764960392561
1446.5038798357089	3.835652483001205
1444.7799080040697	3.8118503944623754
1450.5170453158487	3.83293615738517
1454.817350725388	3.8330217558814734
1459.1191658085836	3.842428079530837
1459.1138819507871	3.8098055414951233
1463.4156970339827	3.819211865144487
1467.716002443522	3.8192974636407904
1472.0163078530616	3.819383062137094
1476.3166132626009	3.8194686606333974
1480.6169186721404	3.819554259129701
1484.9172240816797	3.8196398576260044
1489.2175294912192	3.819725456122308
1493.5178349007585	3.8198110546186115
1498.1030157292132	3.8087174894976634
1501.7566901699827	3.7990034868088056
1506.7737131477786	3.7991033517211594
1510.3573009890615	3.7991746838014127
1515.014832927487	3.7922768716409454
1519.3174028475107	3.8063435578668425
1523.3287567192633	3.792442362067133
1526.7662836343138	3.775733535588664
1530.7803549186474	3.7786096450644653
1535.0806603281867	3.778695243560769
1539.3809657377262	3.7787808420570723
1543.6812711472655	3.7788664405533776
1547.981576556805	3.778952039049681
1552.2818819663444	3.7790376375459847
1556.295500348581	3.779117529475867
1559.4462270108047	3.761703942044498
1563.7470985479654	3.765284812473201
1568.0474039575047	3.7653704109695063
1572.3477093670442	3.76545600946581
1576.6480147765835	3.7655416079621133
1580.948320186123	3.765627206458417
1585.2486255956624	3.7657128049547204
1589.262243977899	3.7657926968846027
1593.4886131201285	3.7518957810097078
1598.1472773137964	3.7519885127140373
1602.4475827233357	3.752074111210341
1606.747888132875	3.7521597097066444
1611.0481935424145	3.752245308202948
1615.3484989519538	3.7523309066992514
1619.6488043614934	3.752416505195555
1623.9491097710327	3.7525021036918584
1628.2494151805722	3.752587702188162
1632.2607690523248	3.7386865063884542
1635.6982959673753	3.721977679909985
1639.7123672517089	3.7248537893857865
1644.3045680626644	3.7571015962265744
1642.578105269493	3.7179203111851944
1645.7486463984537	3.82284124138776
1648.316940964135	3.7494918899051815
1648.326565133693	3.80891151275595
1651.4663089200683	3.723689649836057
1655.4801537533533	3.7251676505389
1659.7804591628926	3.7252532490352035
1663.722971915925	3.728826986255882
1665.8694447911578	3.7061505179434455
1669.4538818238723	3.711464757922295
1674.11254601754	3.7115574896266246
1678.4128514270794	3.711643088122928
1682.7131568366187	3.7117286866192316
1687.0134622461583	3.711814285115535
1691.3137676556976	3.7118998836118386
1695.6163375757212	3.725966569837734
1699.2021899274882	3.740018989647581
1699.9136236379481	3.707410718027914
1704.2146838843157	3.712156679100749
1708.5149892938553	3.7122422775970527
1712.8152947033946	3.7123278760933562
1717.115600112934	3.7124134745896598
1721.4159055224734	3.7124990730859633
1725.716210932013	3.712584671582267
1730.3737428704383	3.7056868594217995
1734.0278702133046	3.6987690742788626
1738.6148626501467	3.6988603793415873
1742.915168059686	3.698945977837891
1747.2154734692256	3.6990315763341943
1751.5157788787649	3.699117174830498
1755.8160842883044	3.6992027733268014
1760.1163896978437	3.699288371823105
1764.0572040680129	3.6923762932465856
1765.8444689676858	3.6644497838275267
1768.7154908432665	3.69013884366265
1770.5031331613536	3.6645425155318563
1774.4462120420067	3.6716115246849306
1778.7465174515462	3.671697123181234
1783.0468228610855	3.6717827216775376
1787.347128270625	3.671868320173843
1791.6451691696802	3.657972830940553
1795.9462294160476	3.662718792013388
1799.8896857151149	3.6721179824547274
1802.0364416541581	3.6511891501084914
1805.9795205348116	3.658258159261564
1810.279825944351	3.6583437577578675
1814.5816410275465	3.667750081407233
1814.575979751336	3.6327973620832505
1818.8781722529454	3.6445338670208827
1822.8206850059778	3.6481076042415594
1824.9665917535895	3.6219358639967254
1828.9099536980534	3.6307525091160002
1832.9235720802901	3.6308324010458826
1836.3610989953404	3.6141235745674134
1840.017943750788	3.6239830946999874
1841.805963487289	3.6007169478574603
1844.679249873354	3.6403870954221738
1846.4658542908023	3.608382768748651
1850.4101597813012	3.6230248670885867
1855.0695788117969	3.627777961369448
1853.9894073108226	3.596299114353789
1859.0136012384853	3.640672423743185
1859.0079399622748	3.6057197044192044
1863.3106985915053	3.6209514812892323
1867.612702383908	3.631522895582732
1867.6059088524553	3.589579632393953
1871.908478772479	3.60364631861985
1876.498188621902	3.6205149289580856
1874.774216790263	3.596712840419256
1880.2251199768361	3.6205891143215485
1883.662420440838	3.6024821790701207
1887.3190387452373	3.6109435904297342
1889.4646624290385	3.5830242142187014
1893.4077413096916	3.5900932233717757
1897.7095563928872	3.599499547021141
1897.7035176982627	3.562216646408894
1902.0083521287704	3.5902644203643828
1902.002313434146	3.5529815197521373
1906.30865753831	3.5903500188606863
1906.3026188436854	3.553067118248441
1910.6074532741932	3.5811148922039298
1910.6021694163967	3.5484923541682125
1915.2647965034116	3.57305198939933
1914.1846250024373	3.541573142383669
1919.2065544196157	3.571965364043473
1919.2001383065772	3.5323522821429627
1923.5068598291552	3.5720509625397767
1923.5015759713588	3.5394284245040613
1927.8033910545544	3.5488347481534266
1932.1059609745778	3.562901434379322
1936.4040018736332	3.5490059451460336
1940.7043072831725	3.549091543642337
1945.004612692712	3.5491771421386407
1949.3049181022513	3.549262740634944
1953.6052235117909	3.5493483391312495
1957.9055289213302	3.549433937627553
1962.2058343308697	3.5495195361238565
1966.5038752299247	3.535624046890568
1970.5174936121614	3.5357039388204505
1975.1044860490035	3.5357952438831752
1979.4047914585428	3.5358808423794788
1983.7050968680824	3.5359664408757823
1988.0054022776217	3.536052039372086
1992.3057076871612	3.5361376378683893
1996.6060130967005	3.536223236364693
2000.90631850624	3.5363088348609963
2005.2066239157793	3.5363944333573
2009.5069293253189	3.5364800318536034
2013.8072347348582	3.536565630349907
2018.1075401443975	3.5366512288462104
2022.407845553937	3.536736827342514
2026.7075848358552	3.53332715390642
2029.8569527917887	3.5075249138372957
2033.8707976250737	3.5090029145401385
2038.171103034613	3.509088513036442
2042.4714084441525	3.5091741115327455
2046.7717138536918	3.509259710029049
2051.0720192632316	3.5093453085253543
2055.370060162287	3.495449819292064
2059.670365571826	3.4955354177883677
2063.9706709813654	3.4956210162846713
2068.2709763909047	3.4957066147809748
2072.5712818004445	3.4957922132772783
2076.8715872099838	3.495877811773582
2080.882941081736	3.4819766159738723
2085.4699335185783	3.482067921036597
2089.7702389281176	3.4821535195329005
2094.3572313649597	3.4822448245956252
2098.3685852367125	3.4683436287959157
2102.3105318621233	3.468422094084195
2106.969196055791	3.4685148257885228
2111.2695014653304	3.4686004242848263
2115.5698068748698	3.46868602278113
2120.156799311712	3.4687773278438545
2123.8154556755467	3.4898217181601012
2125.9599471041056	3.45491179808427
2129.8996292190327	3.4410091756429573
2134.199934628572	3.441094774139261
2138.786474163317	3.4383898616560664
2142.802809958135	3.4552470588614597
2142.7971486819247	3.420294339537479
2146.8141638298875	3.441345863061752
2150.251690744938	3.424637036583281
2154.265762029272	3.427513146059084
2158.9255584781813	3.4345964216282105
2163.1541921308954	3.434680593482909
2166.811150111867	3.4452391680019616
2168.598981139161	3.4208079305153003
2171.756388107313	3.444638551886232
2176.0566935168526	3.4447241503825357
2174.3327216852135	3.420922061843706
2180.0698589969925	3.442007824766499
2184.370164406532	3.4420934232628024
2188.6717907805205	3.4503346562680353
2192.6158132072087	3.463229118641774
2197.2767419113607	3.4773029380756952
2201.5781795761422	3.4843790804367956
2206.241089726968	3.51068635163411
2205.160635162183	3.47745986865225
2210.4724974050246	3.5278973559575597
2208.74648751395	3.491512288462097
2214.494381250529	3.5790082181004568
2213.7686056403354	3.5230696007660356
2215.9374405566	3.6384563737833258
2217.743387667768	3.7258738381334044
2217.3769143877375	3.675767807227672
2218.893192866132	4.187271132834036
2218.88507837023	4.13717223513633
2218.8782848387773	4.095228971947552
2218.154396320654	4.050941261054458
2218.1476027892013	4.008997997865681
2218.140809257749	3.9670547346769034
2218.134015726296	3.925111471488126
2218.1272221948434	3.883168208299347
2218.1204286633906	3.8412249451105698
2218.1136351319383	3.7992816819217925
2217.391256287471	3.764314696181758
2220.725068622344	4.877272051687953
2220.42947452047	4.822274066718466
2220.422680989018	4.780330803529688
2220.415887457565	4.738387540340911
2220.4090939261123	4.696444277152134
2220.4023003946595	4.654501013963355
2220.395506863207	4.612557750774577
2220.3887133317544	4.5706144875858
2220.3819198003016	4.528671224397023
2220.375126268849	4.486727961208244
2220.3683327373965	4.4447846980194665
2220.3615392059437	4.402841434830689
2220.354745674491	4.360898171641912
2220.347952143038	4.318954908453133
2220.341158611586	4.277011645264356
2220.334365080133	4.235068382075578
2222.7158752727073	4.18851231103044
2223.1838741061133	4.127937108479571
2223.1770805746605	4.085993845290794
2223.1702870432077	4.044050582102017
2222.804568600006	3.998604913772814
2223.2789835464505	4.71514279312246
2223.272190014998	4.673199529933681
2223.2653964835454	4.631256266744904
2223.2586029520926	4.589313003556127
2223.25180942064	4.547369740367349
2223.2450158891875	4.50542647717857
2223.2382223577347	4.463483213989793
2223.231428826282	4.421539950801016
2223.224635294829	4.3795966876122385
2223.217841763377	4.3376534244234595
2223.211048231924	4.295710161234682
2223.204254700471	4.253766898045905
2223.872285293317	3.953187778275714
2223.8654917618646	3.9112445150869366
2223.858698230412	3.8693012518981593
2223.851904698959	3.827357988709382
2223.8451111675063	3.785414725520603
2223.838317636054	3.7434714623318257
2223.831524104601	3.7015281991430484
2225.9720526398132	3.6421513755404327
2225.963938143911	3.592052477842726
2225.242314136272	3.5617458546792236
2229.110098043325	3.5464436968233457
2232.041789928962	3.504209398747136
2233.120546110884	3.526950065931798
2235.9794905972153	3.478073324542427
2237.418587009939	3.5130545766985097
2240.2812113258074	3.486897102869726
2244.5825546359856	3.49339069990876
2248.885313265216	3.508622476778788
2253.4735134409834	3.5161703619639635
2251.749541609344	3.492368273425134
2257.4855466658805	3.50646349248313
2261.784719820178	3.4995585471146367
2266.0850252297178	3.49964414561094
2270.0986436119542	3.4997240375408243
2273.5361705270047	3.483015211062357
2277.19188302721	3.485884187330134
2281.850547220878	3.485976919034462
2285.8641656031145	3.486056810964346
2289.0148922653384	3.468643223532977
2293.3157638024986	3.47222409396168
2297.9027562393408	3.4723153990244047
2301.558015837449	3.4723881577462627
2306.2166800311165	3.4724808894505905
2310.5169854406563	3.472566487946894
2315.174517379082	3.465668675786427
2319.400207168166	3.447577433592656
2323.413372648306	3.444861107976621
2327.424726520059	3.4309599121769097
2332.011718956901	3.4310512172396344
2336.3120243664403	3.431136815735938
2340.610518167592	3.4200375440485686
2342.040669763903	3.399793499672759
2344.9111255118623	3.421987287575485
2349.210676084574	3.4174125234952566
2353.5109814941134	3.41749812199156
2357.8112869036527	3.4175837204878636
2362.396467732108	3.406490155366914
2366.050142172877	3.3967761526780578
2370.420987084	3.3898726339511693
2373.8585139990505	3.3731638074727
2377.8725852833845	3.3760399169485034
2382.172890692924	3.376125515444807
2381.4522102313194	3.3516443455019687
2386.7576186192814	3.362235732777938
2391.063358853983	3.3958759418252633
2390.769349909448	3.3506647182664935
2391.503806143164	3.4601975052310188
2393.961932273788	3.591668235703761
2393.666036237183	3.534806105703666
2393.660752379387	3.5021835676679487
2396.5457387362867	3.6140893351688934
2396.538945204834	3.5721460719801144
2397.2488692416377	3.5302170752073874
2397.2420757101854	3.48827381201861
2397.2352821787326	3.446330548829833
2397.9455836339507	3.406731733345369
2399.731904987588	3.3729797707056477
2403.673662903793	3.3718931453497927
2403.668379045996	3.339270607314077
2407.9701941291914	3.3486769309634425
2412.627726067617	3.3417791188029753
2416.8534158567013	3.3236878766092044
2420.8665813368416	3.3209715509931694
2425.166886746381	3.321057149489473
2429.46719215592	3.3211427479857765
2433.7674975654595	3.32122834648208
2437.7811159476964	3.3213082384119623
2440.9316539007127	3.302729560336463
2445.23271414708	3.307475521409298
2449.817894975535	3.2963819562883465
2453.833324966159	3.307646718401905
2458.1313658652143	3.293751229168615
2462.4322374023745	3.297332099597316
2466.730844429051	3.2869318822964253
2471.0322820938327	3.2940080246575256
2475.332587503372	3.294093623153829
2479.6328929129113	3.2941792216501327
2483.9331983224506	3.294264820146436
2487.516220036113	3.290840880294292
